{"actions":[],"apps":[{"acl":{"app":[],"field":[],"record":[]},"app":null,"category":{"categories":[],"useCategory":"false"},"form":{"layout":"[{\"id\":null,\"type\":\"ROW\",\"isSubTable\":false,\"var\":null,\"label\":null,\"controlList\":[{\"isVirtical\":true,\"styleMap\":{\"width\":196},\"type\":\"CREATED_AT\",\"var\":\"Received_Datetime\",\"label\":\"Received Datetime\"},{\"isVirtical\":true,\"styleMap\":{\"width\":193},\"type\":\"SINGLE_LINE_TEXT\",\"var\":\"Received_Date\",\"label\":\"Received Date\"}]},{\"id\":null,\"type\":\"ROW\",\"isSubTable\":false,\"var\":null,\"label\":null,\"controlList\":[{\"isVirtical\":true,\"styleMap\":{\"width\":193},\"type\":\"DECIMAL\",\"var\":\"Standard_Days\",\"label\":\"Standard Days\"}]},{\"id\":null,\"type\":\"ROW\",\"isSubTable\":false,\"var\":null,\"label\":null,\"controlList\":[{\"isVirtical\":true,\"styleMap\":{},\"canvasData\":[{\"id\":null,\"type\":\"ROW\",\"isSubTable\":false,\"var\":null,\"label\":null,\"controlList\":[{\"isVirtical\":true,\"styleMap\":{\"width\":120},\"type\":\"RECORD_ID\",\"var\":\"Record_number\",\"label\":\"Record number\"},{\"isVirtical\":true,\"styleMap\":{\"width\":136},\"type\":\"CREATOR\",\"var\":\"Created_by\",\"label\":\"Created by\"},{\"isVirtical\":true,\"styleMap\":{\"width\":136},\"type\":\"MODIFIER\",\"var\":\"Updated_by\",\"label\":\"Updated by\"}]},{\"id\":null,\"type\":\"ROW\",\"isSubTable\":false,\"var\":null,\"label\":null,\"controlList\":[{\"isVirtical\":true,\"styleMap\":{\"width\":196},\"type\":\"MODIFIED_AT\",\"var\":\"Updated_datetime\",\"label\":\"Updated datetime\"}]}],\"type\":\"GROUP\",\"var\":\"Field_group\",\"label\":\"System\"}]},{\"id\":null,\"type\":\"ROW\",\"isSubTable\":false,\"var\":null,\"label\":null,\"controlList\":[{\"isVirtical\":true,\"styleMap\":{\"width\":207},\"type\":\"FILE\",\"var\":\"Attachment\",\"label\":\"PO List\"}]}]","revision":null},"iconMeta":{"internalName":null,"mime":"image/jpeg","name":"management order.jpeg"},"info":{"automaticallyChooseTitleComponent":"true","code":null,"decimalPrecision":"16","decimalScale":"4","description":"","enableBulkDeletion":"true","enableRecordReuse":"true","fiscalYearStartMonth":"4","iconKey":"6453","iconType":"BLOB","jsFiles":null,"jsScope":"ALL","name":"Order Management","roundingMode":"HALF_EVEN","theme":"PLAIN","titleComponentLocalId":null,"useComment":"true","useHistory":"true","useInlineEditAndDelete":"true","useThumbnail":"true"},"jsFiles":[],"notification":{"appNotifications":[{"events":["RECORD_COMMENT_ADDED"],"target":{"entityId":"6485562","entityType":"FIELD_ENTITY","includeSubs":"false"}},{"events":["RECORD_COMMENT_ADDED"],"target":{"entityId":"6485563","entityType":"FIELD_ENTITY","includeSubs":"false"}}],"recordNotifications":[],"reminderTimezone":null,"reminders":[],"useComment":"true","useReminder":"false"},"plugins":[{"enabled":"true","id":"kgmcmfmfiokjgmehodgmeoapjnlfjaep"}],"reports":[],"resource":{"tables":[{"rows":[{"fields":[],"objectId":"0","subObjectId":"-1"}],"type":"AppName"},{"rows":[{"fields":[],"objectId":"0","subObjectId":"-1"}],"type":"AppDescription"},{"rows":[{"fields":[],"objectId":"6485561","subObjectId":"-1"},{"fields":[],"objectId":"6485562","subObjectId":"-1"},{"fields":[],"objectId":"6485563","subObjectId":"-1"},{"fields":[],"objectId":"6485564","subObjectId":"-1"},{"fields":[],"objectId":"6485565","subObjectId":"-1"},{"fields":[],"objectId":"6485566","subObjectId":"-1"},{"fields":[],"objectId":"6485567","subObjectId":"-1"},{"fields":[],"objectId":"6485568","subObjectId":"-1"},{"fields":[],"objectId":"6485570","subObjectId":"-1"},{"fields":[],"objectId":"6485754","subObjectId":"-1"},{"fields":[],"objectId":"6485773","subObjectId":"-1"}],"type":"FieldLabel"},{"rows":[{"fields":[],"objectId":"20","subObjectId":"-1"}],"type":"ViewName"},{"rows":[],"type":"CategoryName"}]},"schema":{"groups":[{"childLocalId":"6485561","vtComponentLocalId":"6485615"},{"childLocalId":"6485562","vtComponentLocalId":"6485615"},{"childLocalId":"6485563","vtComponentLocalId":"6485615"},{"childLocalId":"6485564","vtComponentLocalId":"6485615"}],"revision":null,"subTable":{},"table":{"fieldList":{"6485561":{"id":"6485561","label":"Record number","properties":{"noLabel":"false","required":"true"},"type":"RECORD_ID","var":"Record_number"},"6485562":{"id":"6485562","label":"Updated by","properties":{"noLabel":"false","required":"true"},"type":"MODIFIER","var":"Updated_by"},"6485563":{"id":"6485563","label":"Created by","properties":{"noLabel":"false","required":"true"},"type":"CREATOR","var":"Created_by"},"6485564":{"id":"6485564","label":"Updated datetime","properties":{"noLabel":"false","required":"true"},"type":"MODIFIED_AT","var":"Updated_datetime"},"6485565":{"id":"6485565","label":"Received Datetime","properties":{"noLabel":"false","required":"true"},"type":"CREATED_AT","var":"Received_Datetime"},"6485566":{"id":"6485566","label":"Status","properties":{"noLabel":"false","required":"false"},"type":"STATUS","var":"Status"},"6485567":{"id":"6485567","label":"Assignee","properties":{"noLabel":"false","required":"false"},"type":"STATUS_ASSIGNEE","var":"Assignee"},"6485568":{"id":"6485568","label":"Categories","properties":{"noLabel":"false","required":"false"},"type":"CATEGORY","var":"Categories"},"6485570":{"id":"6485570","label":"PO List","properties":{"noLabel":"false","required":"true","thumbnailSize":"150"},"type":"FILE","var":"Attachment"},"6485615":{"id":"6485615","label":"System","properties":{"noLabel":"false","open":"false","required":"false"},"type":"GROUP","var":"Field_group"},"6485754":{"id":"6485754","label":"Received Date","properties":{"defaultValue":"","expression":"DATE_FORMAT(Received_Datetime, \"yyyy-MM-dd\", \"system\")","hideExpression":"false","max":null,"min":null,"noLabel":"false","required":"false","unique":"false"},"type":"SINGLE_LINE_TEXT","var":"Received_Date"},"6485773":{"id":"6485773","label":"Standard Days","properties":{"defaultValue":null,"digit":"false","displayScale":null,"max":null,"min":null,"noLabel":"false","required":"true","roundingMode":null,"scale":null,"unique":"false","unit":"days","unitPosition":"AFTER"},"type":"DECIMAL","var":"Standard_Days"}},"id":"1","label":"__ROOT__","properties":null,"var":"__ROOT__"}},"settingsNotesForm":{"content":null,"willBeInherited":null},"status":{"actions":[],"filters":[],"initialStateId":null,"states":[],"useStatus":"false"},"uuid":"7b8bd597-b422-49e5-bc7d-62fa5de7021b","views":[{"advancedMode":null,"builtinType":"ALL","device":null,"fields":[{"row":[{"columnWidth":null,"id":"6485561"},{"columnWidth":null,"id":"6485570"},{"columnWidth":null,"id":"6485754"},{"columnWidth":null,"id":"6485773"}]}],"filter":{"category":null,"offset":null,"order":[],"q":null,"size":null,"sort":[]},"html":null,"keyFieldId":null,"name":"(All records)","pager":null,"revision":null,"titleFieldId":null,"view":"20","viewType":"LIST"}]}],"description":"","iconKey":"20240628091728614CE691547C4910B0A3DF2A5AADE1D8281","iconMeta":{"internalName":null,"mime":"image/jpeg","name":"management order.jpeg"},"iconSrcAppId":"7b8bd597-b422-49e5-bc7d-62fa5de7021b","iconType":"BLOB","imagesMeta":[],"lookups":[],"name":"Order Management","references":[],"version":"41"}